Type,Menu,Menu group,"Item, open item",Size modifier,"Modifiers, special requests",Sales Category,Item tags,Deferred,Qty sold,Avg. price,Avg. item price (not incl. mods),Gross sales,Discount amount,Refund amount,Void amount,Net sales,Tax,Waste count,Waste amount
"",SauceBros POS,,,,,,,,8012.0,15.74,,126078.18,1439.21,85.47,6222.02,124553.50,9957.83,0.0,0.0
"",SauceBros POS,Pizzas,,,,,,,4989.0,21.67,,108116.86,859.86,85.47,5862.00,107171.53,8744.65,0.0,0.0
menuItem,SauceBros POS,Pizzas,Korean BBQ,,,Pizza,[],false,34.0,23.81,0.00,809.62,8.05,0.0,45.98,801.57,66.19,0.0,0.0
menuItem,SauceBros POS,Pizzas,Naga Habanero Chicken,,,Pizza,[],false,649.0,22.33,0.00,14491.22,48.09,0.0,347.84,14443.13,1167.35,0.0,0.0
menuItem,SauceBros POS,Pizzas,Spicy Naga Chicken,,,Pizza,[],false,518.0,21.22,0.00,10993.12,163.04,0.0,1234.35,10830.08,876.58,0.0,0.0
menuItem,SauceBros POS,Pizzas,Beef Taco Pizza,,,Pizza,[],false,150.0,21.99,0.00,3298.42,31.35,0.0,128.93,3267.07,267.8,0.0,0.0
menuItem,SauceBros POS,Pizzas,Taco Pizza,,,Pizza,[],false,22.0,21.85,0.00,480.77,22.99,0.0,25.98,457.78,37.77,0.0,0.0
menuItem,SauceBros POS,Pizzas,Meatlovers Pizza,,,Pizza,[],false,493.0,22.96,-0.04,11320.27,90.43,21.99,309.86,11207.85,924.32,0.0,0.0
menuItem,SauceBros POS,Pizzas,Beef Pepperoni,,,Pizza,[],false,590.0,19.24,-0.03,11349.45,136.99,17.99,1045.39,11194.47,887.93,0.0,0.0
menuItem,SauceBros POS,Pizzas,Harissa Chicken,,,Pizza,[],false,170.0,21.90,0.00,3723.13,39.63,0.0,44.97,3683.5,303.93,0.0,0.0
menuItem,SauceBros POS,Pizzas,Bengali Beef Pesto (Contains Nuts),,,Pizza,[],false,169.0,25.13,0.00,4246.15,23.65,0.0,146.94,4222.5,348.61,0.0,0.0
menuItem,SauceBros POS,Pizzas,Jhura Beef Pesto (contains Pine & Cashew Nuts),,,Pizza,[],false,136.0,24.51,0.00,3333.52,20.9,0.0,356.84,3312.62,273.62,0.0,0.0
menuItem,SauceBros POS,Pizzas,Alfredo Chicken,,,Pizza,[],false,103.0,20.84,0.00,2146.58,41.78,0.0,100.95,2104.8,173.68,0.0,0.0
menuItem,SauceBros POS,Pizzas,Chicken Bianca,,,Pizza,[],false,29.0,18.58,0.00,538.69,3.6,0.0,0.0,535.09,44.06,0.0,0.0
menuItem,SauceBros POS,Pizzas,Naga Habanero Paneer,,,Pizza,[],false,67.0,21.94,0.00,1470.0,17.8,0.0,0.0,1452.2,119.88,0.0,0.0
menuItem,SauceBros POS,Pizzas,Naga Habanero Mushroom,,,Pizza,[],false,32.0,19.27,0.00,616.59,4.5,0.0,0.0,612.09,50.4,0.0,0.0
menuItem,SauceBros POS,Pizzas,Spicy Naga Mushroom,,,Pizza,[],false,39.0,20.09,0.00,783.49,1.8,0.0,57.96,781.69,64.38,0.0,0.0
menuItem,SauceBros POS,Pizzas,Garlic Artichoke,,,Pizza,[],false,6.0,20.15,0.00,120.92,0.0,0.0,0.0,120.92,9.99,0.0,0.0
menuItem,SauceBros POS,Pizzas,Garlic Ghee Mushroom,,,Pizza,[],false,166.0,19.65,-0.11,3262.66,17.58,17.99,108.93,3227.09,264.6,0.0,0.0
menuItem,SauceBros POS,Pizzas,Pepper Lovers,,,Pizza,[],false,3.0,18.32,0.00,54.95,0.0,0.0,15.99,54.95,4.54,0.0,0.0
menuItem,SauceBros POS,Pizzas,Veggie Pizza,,,Pizza,[],false,93.0,19.10,0.00,1776.69,4.25,0.0,88.94,1772.44,146.15,0.0,0.0
menuItem,SauceBros POS,Pizzas,4Cheez with Hot Honey,,,Pizza,[],false,120.0,19.22,0.00,2306.49,3.4,0.0,95.94,2303.09,189.8,0.0,0.0
menuItem,SauceBros POS,Pizzas,Bros favorite Cheese Pizza,,,Pizza,[],false,240.0,17.05,0.00,4090.87,38.88,0.0,664.51,4051.99,322.03,0.0,0.0
menuItem,SauceBros POS,Pizzas,Classic Cheese Pizza,,,Pizza,[],false,197.0,18.34,0.00,3613.47,68.2,0.0,145.92,3545.27,286.88,0.0,0.0
menuItem,SauceBros POS,Pizzas,Alfredo Cheese Pizza,,,Pizza,[],false,49.0,17.46,0.00,855.35,0.0,0.0,29.98,855.35,70.59,0.0,0.0
menuItem,SauceBros POS,Pizzas,Margarita,,,Pizza,[],false,27.0,17.54,0.00,473.7,0.0,0.0,16.99,473.7,39.05,0.0,0.0
menuItem,SauceBros POS,Pizzas,Naga Habanero Balachao,,,Pizza,[],false,26.0,17.76,0.00,461.72,8.5,0.0,18.99,453.22,37.37,0.0,0.0
menuItem,SauceBros POS,Pizzas,Spicy Balachao,,,Pizza,[],false,18.0,16.55,0.00,297.82,1.93,0.0,0.0,295.89,24.41,0.0,0.0
menuItem,SauceBros POS,Pizzas,Customized Pizza,,,Pizza,[],false,30.0,22.26,0.00,667.93,5.34,0.0,16.98,662.59,54.71,0.0,0.0
menuItem,SauceBros POS,Pizzas,Half & Half,,,Pizza,[],false,730.0,25.83,-0.04,18854.14,52.24,27.5,770.86,18774.4,1549.89,0.0,0.0
menuItem,SauceBros POS,Pizzas,Cheddar Birds,,,Pizza,[],false,19.0,20.83,0.00,395.8,0.0,0.0,41.98,395.8,32.63,0.0,0.0
menuItem,SauceBros POS,Pizzas,Bongo Tex Mex,,,Pizza,[],false,45.0,19.75,0.00,888.53,3.81,0.0,0.0,884.72,73.04,0.0,0.0
menuItem,SauceBros POS,Pizzas,Spicy Italian,,,Pizza,[],false,17.0,20.70,0.00,351.82,1.13,0.0,0.0,350.69,28.92,0.0,0.0
menuItem,SauceBros POS,Pizzas,Bros Supreme,,,Pizza,[],false,2.0,21.49,0.00,42.98,0.0,0.0,0.0,42.98,3.55,0.0,0.0
"",SauceBros POS,Pasta,,,,,,,401.0,12.66,,5075.91,14.48,0.0,64.90,5061.43,417.11,0.0,0.0
menuItem,SauceBros POS,Pasta,Alfredo Pasta,,,Pizza,[],false,204.0,12.86,9.99,2623.5,0.0,0.0,38.94,2623.5,216.23,0.0,0.0
menuItem,SauceBros POS,Pasta,Spicy Naga Pasta,,,Pizza,[],false,5.0,11.78,9.99,58.92,2.6,0.0,0.0,56.32,4.64,0.0,0.0
menuItem,SauceBros POS,Pasta,Tomato Basil Pasta,,,Pizza,[],false,47.0,12.09,9.99,568.2,1.5,0.0,0.0,566.7,46.66,0.0,0.0
menuItem,SauceBros POS,Pasta,Naga Habanero Pasta,,,Pizza,[],false,107.0,12.73,9.99,1361.95,10.38,0.0,25.96,1351.57,111.38,0.0,0.0
menuItem,SauceBros POS,Pasta,Pesto Pasta,,,Pizza,[],false,1.0,12.98,9.99,12.98,0.0,0.0,0.0,12.98,1.07,0.0,0.0
menuItem,SauceBros POS,Pasta,Spicy Naga Pasta,,,Pizza,[],false,37.0,12.17,9.99,450.36,0.0,0.0,0.0,450.36,37.13,0.0,0.0
"",SauceBros POS,Wraps,,,,,,,1253.0,7.78,,9750.35,562.71,0.0,253.07,9187.64,545.09,0.0,0.0
menuItem,SauceBros POS,Wraps,Beef Chopped Cheese,,,Pizza,[],false,282.0,8.03,8.00,2264.15,124.54,0.0,23.97,2139.61,151.93,0.0,0.0
menuItem,SauceBros POS,Wraps,Beef Wrap,,,Pizza,[],false,98.0,7.02,6.99,688.01,66.04,0.0,34.95,621.97,19.19,0.0,0.0
menuItem,SauceBros POS,Wraps,Garlic Beef Wrap,,,Pizza,[],false,8.0,6.99,6.99,55.92,0.0,0.0,6.99,55.92,4.63,0.0,0.0
menuItem,SauceBros POS,Wraps,Chicken Wrap,,,Pizza,[],false,808.0,7.81,7.78,6308.85,342.18,0.0,173.18,5966.67,336.03,0.0,0.0
menuItem,SauceBros POS,Wraps,Naga Chicken Wrap,,,Pizza,[],false,25.0,6.99,6.99,174.75,26.35,0.0,6.99,148.4,12.25,0.0,0.0
menuItem,SauceBros POS,Wraps,Mushrom Wrap,,,Pizza,[],false,1.0,6.99,6.99,6.99,0.0,0.0,0.0,6.99,0.58,0.0,0.0
menuItem,SauceBros POS,Wraps,Mushroom Wrap,,,Pizza,[],false,21.0,8.18,8.04,171.78,0.0,0.0,6.99,171.78,14.19,0.0,0.0
menuItem,SauceBros POS,Wraps,Paneer Wrap,,,Pizza,[],false,10.0,7.99,7.99,79.9,3.6,0.0,0.0,76.3,6.29,0.0,0.0
"",SauceBros POS,Drinks,,,,,,,1336.0,2.32,,3097.39,2.16,0.0,42.05,3095.23,247.94,0.0,0.0
menuItem,SauceBros POS,Drinks,Soda (Can),,,Pizza,[],false,667.0,2.78,2.78,1854.68,0.53,0.0,17.99,1854.15,149.87,0.0,0.0
menuItem,SauceBros POS,Drinks,Soft Drinks (Can),,,Pizza,[],false,353.0,1.80,1.80,635.47,1.63,0.0,14.91,633.84,49.27,0.0,0.0
menuItem,SauceBros POS,Drinks,Water (small),,,Pizza,[],false,298.0,1.82,1.82,543.42,0.0,0.0,9.15,543.42,43.5,0.0,0.0
menuItem,SauceBros POS,Drinks,Soda 2L,,,Pizza,[],false,10.0,3.99,3.99,39.9,0.0,0.0,0.0,39.9,3.3,0.0,0.0
menuItem,SauceBros POS,Drinks,Soft Drink (2L),,,Pizza,[],false,8.0,2.99,2.99,23.92,0.0,0.0,0.0,23.92,2.0,0.0,0.0
"",SauceBros POS,Side,,,,,,,33.0,1.14,,37.67,0.0,0.0,0.0,37.67,3.04,0.0,0.0
menuItem,SauceBros POS,Side,Hot Honey,,,Pizza,[],false,5.0,1.99,1.99,9.95,0.0,0.0,0.0,9.95,0.8,0.0,0.0
menuItem,SauceBros POS,Side,Ranch,,,Pizza,[],false,24.0,0.99,0.99,23.76,0.0,0.0,0.0,23.76,1.92,0.0,0.0
menuItem,SauceBros POS,Side,Parmesan Bags 3,,,Pizza,[],false,1.0,0.99,0.99,0.99,0.0,0.0,0.0,0.99,0.08,0.0,0.0
menuItem,SauceBros POS,Side,Side Garlic Mayo,,,Pizza,[],false,3.0,0.99,0.99,2.97,0.0,0.0,0.0,2.97,0.24,0.0,0.0
"",SauceBros Catering,,,,,,,,57.0,12.15,,692.69,0.0,0.0,1261.05,692.69,43.46,0.0,0.0
"",SauceBros Catering,Pizza,,,,,,,56.0,10.94,,612.69,0.0,0.0,1261.05,612.69,36.86,0.0,0.0
menuItem,SauceBros Catering,Pizza,"14"" Pie",,,Pizza,[],false,55.0,10.87,10.87,597.69,0.0,0.0,1261.05,597.69,35.62,0.0,0.0
menuItem,SauceBros Catering,Pizza,"16"" Pie",,,Pizza,[],false,1.0,15.00,15.00,15.0,0.0,0.0,0.0,15.0,1.24,0.0,0.0
"",SauceBros Catering,Pasta Tray,,,,,,,1.0,80.00,,80.0,0.0,0.0,0.0,80.0,6.6,0.0,0.0
menuItem,SauceBros Catering,Pasta Tray,Full tray,,,Pizza,[],false,1.0,80.00,0.00,80.0,0.0,0.0,0.0,80.0,6.6,0.0,0.0
"",All Day Menu,,,,,,,,4382.0,16.15,,70765.76,0.0,0.0,172.86,70765.76,5835.16,0.0,0.0
"",All Day Menu,Pizzas,,,,,,,3185.0,20.81,,66265.79,0.0,0.0,146.89,66265.79,5465.88,0.0,0.0
menuItem,All Day Menu,Pizzas,Bros favorite Cheese Pizza,,,,[],false,109.0,16.43,0.00,1790.56,0.0,0.0,0.0,1790.56,147.82,0.0,0.0
menuItem,All Day Menu,Pizzas,Classic Cheese Pizza,,,,[],false,249.0,18.45,0.00,4594.75,0.0,0.0,18.99,4594.75,379.09,0.0,0.0
menuItem,All Day Menu,Pizzas,Alfredo Cheese Pizza,,,,[],false,69.0,17.88,0.00,1233.94,0.0,0.0,0.0,1233.94,101.84,0.0,0.0
menuItem,All Day Menu,Pizzas,4Cheez with Hot Honey,,,,[],false,165.0,19.76,0.00,3259.67,0.0,0.0,17.99,3259.67,268.65,0.0,0.0
menuItem,All Day Menu,Pizzas,Naga Habanero Mushroom,,,,[],false,44.0,20.01,0.00,880.44,0.0,0.0,0.0,880.44,72.54,0.0,0.0
menuItem,All Day Menu,Pizzas,Spicy Naga Mushroom,,,,[],false,11.0,19.53,0.00,214.85,0.0,0.0,0.0,214.85,17.69,0.0,0.0
menuItem,All Day Menu,Pizzas,Garlic Ghee Mushroom,,,,[],false,171.0,18.77,0.00,3209.63,0.0,0.0,0.0,3209.63,264.58,0.0,0.0
menuItem,All Day Menu,Pizzas,Pepper Lovers,,,,[],false,1.0,18.98,0.00,18.98,0.0,0.0,0.0,18.98,1.57,0.0,0.0
menuItem,All Day Menu,Pizzas,Veggie Pizza,,,,[],false,95.0,19.10,0.00,1814.64,0.0,0.0,0.0,1814.64,149.6,0.0,0.0
menuItem,All Day Menu,Pizzas,Naga Habanero Chicken,,,,[],false,282.0,22.52,0.00,6350.46,0.0,0.0,0.0,6350.46,523.89,0.0,0.0
menuItem,All Day Menu,Pizzas,Spicy Naga Chicken,,,,[],false,209.0,21.20,0.00,4431.5,0.0,0.0,0.0,4431.5,365.54,0.0,0.0
menuItem,All Day Menu,Pizzas,Alfredo Chicken,,,,[],false,76.0,20.55,0.00,1561.95,0.0,0.0,0.0,1561.95,128.96,0.0,0.0
menuItem,All Day Menu,Pizzas,Chicken Bianca,,,,[],false,20.0,19.04,0.00,380.76,0.0,0.0,0.0,380.76,31.37,0.0,0.0
menuItem,All Day Menu,Pizzas,Naga Habanero Balachao,,,,[],false,21.0,17.85,0.00,374.77,0.0,0.0,0.0,374.77,30.91,0.0,0.0
menuItem,All Day Menu,Pizzas,Spicy Naga Balachao,,,,[],false,12.0,16.82,0.00,201.86,0.0,0.0,0.0,201.86,16.66,0.0,0.0
menuItem,All Day Menu,Pizzas,Beef Pepperoni,,,,[],false,526.0,19.50,0.00,10258.24,0.0,0.0,41.97,10258.24,845.58,0.0,0.0
menuItem,All Day Menu,Pizzas,Bengali Beef Pesto (Contains Nuts),,,,[],false,108.0,25.08,0.00,2708.8,0.0,0.0,0.0,2708.8,223.62,0.0,0.0
menuItem,All Day Menu,Pizzas,Jhura Beef Pesto (contains Pine & Cashew Nuts),,,,[],false,88.0,24.65,0.00,2169.0,0.0,0.0,23.99,2169.0,179.17,0.0,0.0
menuItem,All Day Menu,Pizzas,Meatlovers Pizza,,,,[],false,405.0,23.05,0.00,9333.83,0.0,0.0,0.0,9333.83,769.74,0.0,0.0
menuItem,All Day Menu,Pizzas,Customized Pizza,,,,[],false,72.0,22.12,0.00,1592.41,0.0,0.0,22.96,1592.41,131.38,0.0,0.0
menuItem,All Day Menu,Pizzas,Beef Taco Pizza,,,,[],false,102.0,22.15,0.00,2258.94,0.0,0.0,0.0,2258.94,186.35,0.0,0.0
menuItem,All Day Menu,Pizzas,Taco Pizza,,,,[],false,4.0,22.74,0.00,90.95,0.0,0.0,0.0,90.95,7.5,0.0,0.0
menuItem,All Day Menu,Pizzas,Harissa Chicken,,,,[],false,188.0,21.96,0.00,4128.91,0.0,0.0,20.99,4128.91,340.66,0.0,0.0
menuItem,All Day Menu,Pizzas,Naga Habanero Paneer,,,,[],false,67.0,21.72,0.00,1455.0,0.0,0.0,0.0,1455.0,120.12,0.0,0.0
menuItem,All Day Menu,Pizzas,Garlic Artichoke,,,,[],false,4.0,20.24,0.00,80.95,0.0,0.0,0.0,80.95,6.69,0.0,0.0
menuItem,All Day Menu,Pizzas,Korean BBQ,,,,[],false,26.0,23.41,0.00,608.73,0.0,0.0,0.0,608.73,50.28,0.0,0.0
menuItem,All Day Menu,Pizzas,Cheddar Birds,,,,[],false,25.0,20.99,0.00,524.74,0.0,0.0,0.0,524.74,43.27,0.0,0.0
menuItem,All Day Menu,Pizzas,Spicy Italian,,,,[],false,5.0,19.99,0.00,99.95,0.0,0.0,0.0,99.95,8.25,0.0,0.0
menuItem,All Day Menu,Pizzas,Bongo Tex Mex,,,,[],false,31.0,20.53,0.00,636.58,0.0,0.0,0.0,636.58,52.56,0.0,0.0
"",All Day Menu,Pasta,,,,,,,86.0,11.52,,990.70,0.0,0.0,9.99,990.70,81.53,0.0,0.0
menuItem,All Day Menu,Pasta,Alfredo Pasta,,,,[],false,40.0,11.78,9.99,471.36,0.0,0.0,9.99,471.36,38.81,0.0,0.0
menuItem,All Day Menu,Pasta,Tomato Basil Pasta,,,,[],false,19.0,11.25,9.99,213.73,0.0,0.0,0.0,213.73,17.58,0.0,0.0
menuItem,All Day Menu,Pasta,Naga Habanero Pasta,,,,[],false,27.0,11.32,9.99,305.61,0.0,0.0,0.0,305.61,25.14,0.0,0.0
"",All Day Menu,Wraps,,,,,,,159.0,8.03,,1276.39,0.0,0.0,0.0,1276.39,105.44,0.0,0.0
menuItem,All Day Menu,Wraps,Beef Chopped Cheese,,,,[],false,59.0,8.09,7.99,477.39,0.0,0.0,0.0,477.39,39.44,0.0,0.0
menuItem,All Day Menu,Wraps,Chicken Wrap,,,,[],false,83.0,7.99,7.99,663.17,0.0,0.0,0.0,663.17,54.78,0.0,0.0
menuItem,All Day Menu,Wraps,Mushroom Wrap,,,,[],false,7.0,7.99,7.99,55.93,0.0,0.0,0.0,55.93,4.62,0.0,0.0
menuItem,All Day Menu,Wraps,Paneer Wrap,,,,[],false,10.0,7.99,7.99,79.9,0.0,0.0,0.0,79.9,6.6,0.0,0.0
"",All Day Menu,Drinks,,,,,,,75.0,2.43,,181.93,0.0,0.0,0.0,181.93,14.83,0.0,0.0
menuItem,All Day Menu,Drinks,Soda (Can),,,,[],false,42.0,2.78,2.78,116.76,0.0,0.0,0.0,116.76,9.59,0.0,0.0
menuItem,All Day Menu,Drinks,Soft Drinks (Can),,,,[],false,22.0,1.97,1.97,43.28,0.0,0.0,0.0,43.28,3.45,0.0,0.0
menuItem,All Day Menu,Drinks,Water (small),,,,[],false,11.0,1.99,1.99,21.89,0.0,0.0,0.0,21.89,1.79,0.0,0.0
"",All Day Menu,Side,,,,,,,791.0,1.72,,1360.84,0.0,0.0,0.0,1360.84,110.51,0.0,0.0
menuItem,All Day Menu,Side,Hot Honey,,,,[],false,162.0,1.99,1.99,322.38,0.0,0.0,0.0,322.38,26.04,0.0,0.0
menuItem,All Day Menu,Side,Ranch,,,,[],false,361.0,1.61,1.61,580.39,0.0,0.0,0.0,580.39,47.3,0.0,0.0
menuItem,All Day Menu,Side,Naga Dip,,,,[],false,185.0,1.99,1.99,368.15,0.0,0.0,0.0,368.15,29.75,0.0,0.0
menuItem,All Day Menu,Side,Red Peppers Bags 3,,,,[],false,19.0,0.93,0.93,17.61,0.0,0.0,0.0,17.61,1.47,0.0,0.0
menuItem,All Day Menu,Side,Parmesan Bags 3,,,,[],false,13.0,0.87,0.87,11.27,0.0,0.0,0.0,11.27,0.96,0.0,0.0
menuItem,All Day Menu,Side,Side Olives,,,,[],false,5.0,0.99,0.99,4.95,0.0,0.0,0.0,4.95,0.4,0.0,0.0
menuItem,All Day Menu,Side,Side Cilantro,,,,[],false,5.0,0.57,0.57,2.86,0.0,0.0,0.0,2.86,0.27,0.0,0.0
menuItem,All Day Menu,Side,Side Basil,,,,[],false,10.0,0.55,0.55,5.54,0.0,0.0,0.0,5.54,0.45,0.0,0.0
menuItem,All Day Menu,Side,Side Jalapeno,,,,[],false,11.0,0.99,0.99,10.89,0.0,0.0,0.0,10.89,0.88,0.0,0.0
menuItem,All Day Menu,Side,Aged Parmesan,,,,[],false,17.0,1.99,1.99,33.83,0.0,0.0,0.0,33.83,2.75,0.0,0.0
menuItem,All Day Menu,Side,Side Banana Peppers,,,,[],false,3.0,0.99,0.99,2.97,0.0,0.0,0.0,2.97,0.24,0.0,0.0
"",All Day Menu,Wraps,,,,,,,86.0,8.02,,690.11,0.0,0.0,15.98,690.11,56.97,0.0,0.0
menuItem,All Day Menu,Wraps,Chicken Wrap,,,,[],false,40.0,8.04,8.04,321.6,0.0,0.0,0.0,321.6,26.55,0.0,0.0
menuItem,All Day Menu,Wraps,Naga Chicken Wrap,,,,[],false,4.0,7.24,6.99,28.95,0.0,0.0,0.0,28.95,2.4,0.0,0.0
menuItem,All Day Menu,Wraps,Mushroom Wrap,,,,[],false,2.0,7.99,7.99,15.98,0.0,0.0,7.99,15.98,1.32,0.0,0.0
menuItem,All Day Menu,Wraps,Beef Chopped Cheese,,,,[],false,30.0,8.39,8.39,251.7,0.0,0.0,7.99,251.7,20.76,0.0,0.0
menuItem,All Day Menu,Wraps,Beef Wrap,,,,[],false,7.0,6.99,6.99,48.93,0.0,0.0,0.0,48.93,4.04,0.0,0.0
menuItem,All Day Menu,Wraps,Garlic Beef Wrap,,,,[],false,3.0,7.65,6.99,22.95,0.0,0.0,0.0,22.95,1.9,0.0,0.0
"",Doordash Menu,,,,,,,,737.0,16.74,,12340.94,0.0,0.0,0.0,12340.94,1017.61,0.0,0.0
"",Doordash Menu,Pizzas,,,,,,,505.0,22.77,,11497.11,0.0,0.0,0.0,11497.11,948.38,0.0,0.0
menuItem,Doordash Menu,Pizzas,Bros favorite Cheese Pizza,,,,[],false,33.0,18.22,0.00,601.17,0.0,0.0,0.0,601.17,49.63,0.0,0.0
menuItem,Doordash Menu,Pizzas,Classic Cheese Pizza,,,,[],false,63.0,21.32,0.00,1343.09,0.0,0.0,0.0,1343.09,110.8,0.0,0.0
menuItem,Doordash Menu,Pizzas,Alfredo Cheese Pizza,,,,[],false,25.0,20.56,0.00,514.09,0.0,0.0,0.0,514.09,42.44,0.0,0.0
menuItem,Doordash Menu,Pizzas,4Cheez with Hot Honey,,,,[],false,34.0,21.45,0.00,729.46,0.0,0.0,0.0,729.46,60.22,0.0,0.0
menuItem,Doordash Menu,Pizzas,Naga Habanero Mushroom,,,,[],false,5.0,22.58,0.00,112.9,0.0,0.0,0.0,112.9,9.32,0.0,0.0
menuItem,Doordash Menu,Pizzas,Spicy Naga Mushroom,,,,[],false,5.0,22.79,0.00,113.95,0.0,0.0,0.0,113.95,9.4,0.0,0.0
menuItem,Doordash Menu,Pizzas,Garlic Ghee Mushroom,,,,[],false,31.0,20.55,0.00,637.09,0.0,0.0,0.0,637.09,52.53,0.0,0.0
menuItem,Doordash Menu,Pizzas,Veggie Pizza,,,,[],false,12.0,20.90,0.00,250.85,0.0,0.0,0.0,250.85,20.7,0.0,0.0
menuItem,Doordash Menu,Pizzas,Naga Habanero Chicken,,,,[],false,24.0,25.16,0.00,603.73,0.0,0.0,0.0,603.73,49.85,0.0,0.0
menuItem,Doordash Menu,Pizzas,Spicy Naga Chicken,,,,[],false,27.0,23.71,0.00,640.2,0.0,0.0,0.0,640.2,52.74,0.0,0.0
menuItem,Doordash Menu,Pizzas,Alfredo Chicken,,,,[],false,9.0,21.76,0.00,195.87,0.0,0.0,0.0,195.87,16.17,0.0,0.0
menuItem,Doordash Menu,Pizzas,Naga Habanero Balachao,,,,[],false,4.0,18.74,0.00,74.96,0.0,0.0,0.0,74.96,6.17,0.0,0.0
menuItem,Doordash Menu,Pizzas,Spicy Balachao,,,,[],false,2.0,17.99,0.00,35.98,0.0,0.0,0.0,35.98,2.96,0.0,0.0
menuItem,Doordash Menu,Pizzas,Beef Pepperoni,,,,[],false,118.0,23.13,0.00,2729.89,0.0,0.0,0.0,2729.89,225.12,0.0,0.0
menuItem,Doordash Menu,Pizzas,Bengali Beef Pesto (Contains Nuts),,,,[],false,14.0,26.35,0.00,368.85,0.0,0.0,0.0,368.85,30.39,0.0,0.0
menuItem,Doordash Menu,Pizzas,Jhura Beef Pesto (contains Pine & Cashew Nuts),,,,[],false,9.0,26.37,0.00,237.36,0.0,0.0,0.0,237.36,19.58,0.0,0.0
menuItem,Doordash Menu,Pizzas,Meatlovers Pizza,,,,[],false,50.0,26.62,0.00,1331.19,0.0,0.0,0.0,1331.19,109.83,0.0,0.0
menuItem,Doordash Menu,Pizzas,Harissa Chicken,,,,[],false,10.0,25.49,0.00,254.86,0.0,0.0,0.0,254.86,21.03,0.0,0.0
menuItem,Doordash Menu,Pizzas,Beef Taco Pizza,,,,[],false,9.0,24.77,0.00,222.9,0.0,0.0,0.0,222.9,18.39,0.0,0.0
menuItem,Doordash Menu,Pizzas,Naga Habanero Paneer,,,,[],false,10.0,24.28,0.00,242.83,0.0,0.0,0.0,242.83,20.02,0.0,0.0
menuItem,Doordash Menu,Pizzas,Korean BBQ,,,,[],false,4.0,25.49,0.00,101.96,0.0,0.0,0.0,101.96,8.41,0.0,0.0
menuItem,Doordash Menu,Pizzas,Cheddar Birds,,,,[],false,2.0,22.48,0.00,44.96,0.0,0.0,0.0,44.96,3.71,0.0,0.0
menuItem,Doordash Menu,Pizzas,Spicy Italian,,,,[],false,2.0,23.25,0.00,46.49,0.0,0.0,0.0,46.49,3.82,0.0,0.0
menuItem,Doordash Menu,Pizzas,Bongo Tex Mex,,,,[],false,3.0,20.83,0.00,62.48,0.0,0.0,0.0,62.48,5.15,0.0,0.0
"",Doordash Menu,Pasta,,,,,,,21.0,12.13,,254.64,0.0,0.0,0.0,254.64,20.97,0.0,0.0
menuItem,Doordash Menu,Pasta,Alfredo Pasta,,,,[],false,13.0,12.75,9.99,165.75,0.0,0.0,0.0,165.75,13.66,0.0,0.0
menuItem,Doordash Menu,Pasta,Tomato Basil Pasta,,,,[],false,3.0,9.99,9.99,29.97,0.0,0.0,0.0,29.97,2.46,0.0,0.0
menuItem,Doordash Menu,Pasta,Naga Habanero Pasta,,,,[],false,5.0,11.78,9.99,58.92,0.0,0.0,0.0,58.92,4.85,0.0,0.0
"",Doordash Menu,Wraps,,,,,,,21.0,10.04,,210.79,0.0,0.0,0.0,210.79,17.43,0.0,0.0
menuItem,Doordash Menu,Wraps,Beef Chopped Cheese,,,,[],false,4.0,10.99,10.99,43.96,0.0,0.0,0.0,43.96,3.64,0.0,0.0
menuItem,Doordash Menu,Wraps,Chicken Wrap,,,,[],false,4.0,10.99,10.99,43.96,0.0,0.0,0.0,43.96,3.64,0.0,0.0
menuItem,Doordash Menu,Wraps,Paneer Wrap,,,,[],false,2.0,10.99,10.99,21.98,0.0,0.0,0.0,21.98,1.82,0.0,0.0
menuItem,Doordash Menu,Wraps,Mushroom Wrap,,,,[],false,3.0,10.99,10.99,32.97,0.0,0.0,0.0,32.97,2.73,0.0,0.0
menuItem,Doordash Menu,Wraps,Chicken Wrap,,,,[],false,3.0,8.66,8.66,25.97,0.0,0.0,0.0,25.97,2.14,0.0,0.0
menuItem,Doordash Menu,Wraps,Beef Chopped Cheese,,,,[],false,4.0,7.99,7.99,31.96,0.0,0.0,0.0,31.96,2.64,0.0,0.0
menuItem,Doordash Menu,Wraps,Beef Wrap,,,,[],false,1.0,9.99,9.99,9.99,0.0,0.0,0.0,9.99,0.82,0.0,0.0
"",Doordash Menu,Drinks,,,,,,,41.0,3.10,,127.09,0.0,0.0,0.0,127.09,10.43,0.0,0.0
menuItem,Doordash Menu,Drinks,Soda (Can),,,,[],false,29.0,3.33,3.33,96.71,0.0,0.0,0.0,96.71,8.01,0.0,0.0
menuItem,Doordash Menu,Drinks,Soft Drinks (Can),,,,[],false,12.0,2.53,2.53,30.38,0.0,0.0,0.0,30.38,2.42,0.0,0.0
"",Doordash Menu,Side,,,,,,,149.0,1.69,,251.31,0.0,0.0,0.0,251.31,20.40,0.0,0.0
menuItem,Doordash Menu,Side,Hot Honey,,,,[],false,25.0,1.99,1.99,49.75,0.0,0.0,0.0,49.75,4.01,0.0,0.0
menuItem,Doordash Menu,Side,Ranch,,,,[],false,53.0,1.54,1.54,81.47,0.0,0.0,0.0,81.47,6.61,0.0,0.0
menuItem,Doordash Menu,Side,Naga Dip,,,,[],false,40.0,1.99,1.99,79.6,0.0,0.0,0.0,79.6,6.43,0.0,0.0
menuItem,Doordash Menu,Side,Aged Parmesan,,,,[],false,13.0,1.99,1.99,25.87,0.0,0.0,0.0,25.87,2.1,0.0,0.0
menuItem,Doordash Menu,Side,Red Peppers Bags 3,,,,[],false,6.0,0.86,0.86,5.14,0.0,0.0,0.0,5.14,0.44,0.0,0.0
menuItem,Doordash Menu,Side,Parmesan Bags 3,,,,[],false,10.0,0.75,0.75,7.5,0.0,0.0,0.0,7.5,0.65,0.0,0.0
menuItem,Doordash Menu,Side,Side Cilantro,,,,[],false,1.0,0.99,0.99,0.99,0.0,0.0,0.0,0.99,0.08,0.0,0.0
menuItem,Doordash Menu,Side,Side Basil,,,,[],false,1.0,0.99,0.99,0.99,0.0,0.0,0.0,0.99,0.08,0.0,0.0
"",Side,,,,,,,,390.0,1.73,,674.52,2.89,1.99,27.21,669.64,54.11,0.0,0.0
"",Side,Side,,,,,,,390.0,1.73,,674.52,2.89,1.99,27.21,669.64,54.11,0.0,0.0
menuItem,Side,Side,Hot Honey,,,Pizza,[],false,76.0,1.57,1.54,119.24,0.4,1.99,4.97,116.85,9.43,0.0,0.0
menuItem,Side,Side,Ranch,,,Pizza,[],false,165.0,1.75,1.75,289.35,0.04,0.0,6.95,289.31,23.41,0.0,0.0
menuItem,Side,Side,Naga Dip,,,Pizza,[],false,70.0,1.99,1.99,139.3,2.41,0.0,3.98,136.89,11.02,0.0,0.0
menuItem,Side,Side,Red Peppers Bags 3,,,Pizza,[],false,7.0,0.88,0.88,6.13,0.0,0.0,2.17,6.13,0.52,0.0,0.0
menuItem,Side,Side,Parmesan Bags 3,,,Pizza,[],false,8.0,0.89,0.89,7.12,0.0,0.0,1.18,7.12,0.6,0.0,0.0
menuItem,Side,Side,Side Olives,,,Pizza,[],false,3.0,0.99,0.99,2.97,0.0,0.0,0.0,2.97,0.24,0.0,0.0
menuItem,Side,Side,Side Cilantro,,,Pizza,[],false,1.0,0.50,0.50,0.5,0.0,0.0,0.0,0.5,0.03,0.0,0.0
menuItem,Side,Side,Side Basil,,,Pizza,[],false,1.0,0.50,0.50,0.5,0.0,0.0,0.0,0.5,0.03,0.0,0.0
menuItem,Side,Side,Side Jalapeno,,,Pizza,[],false,3.0,0.99,0.99,2.97,0.0,0.0,0.0,2.97,0.24,0.0,0.0
menuItem,Side,Side,Side Banana Peppers,,,Pizza,[],false,1.0,0.99,0.99,0.99,0.0,0.0,0.0,0.99,0.08,0.0,0.0
menuItem,Side,Side,Side Garlic Mayo,,,Pizza,[],false,21.0,1.80,1.80,37.79,0.04,0.0,0.0,37.75,3.04,0.0,0.0
menuItem,Side,Side,Marinara Sauce,,,Pizza,[],false,34.0,1.99,1.99,67.66,0.0,0.0,7.96,67.66,5.47,0.0,0.0
