Open item,Sales Category,Item tags,Deferred,Qty sold,Avg. price,Avg. item price (not incl. mods),Gross sales,Discount amount,Refund amount,Void amount,Net sales,Tax,Waste count,Waste amount
Naga Chicken,,[],false,5.0,18.00,18.00,90.0,0.0,0.0,0.0,90.0,0.0,0.0,0.0
Naga Pizza,,[],false,4.0,18.00,18.00,72.0,0.0,0.0,0.0,72.0,0.0,0.0,0.0
Peperoni,,[],false,4.0,14.00,14.00,56.0,0.0,0.0,0.0,56.0,0.0,0.0,0.0
Peppeoni,,[],false,5.0,16.00,16.00,80.0,0.0,0.0,0.0,80.0,0.0,0.0,0.0
Wrap,,[],false,0.0,0.00,0.00,0.0,0.0,0.0,3300.0,0.0,0.0,0.0,0.0
Wraps,,[],false,205.0,6.65,6.65,1362.5,0.0,0.0,0.0,1362.5,0.0,0.0,0.0
