Type,Menu,Menu group,"Item, open item",Size modifier,"Modifiers, special requests",Sales Category,Item tags,Deferred,Qty sold,Avg. price,Avg. item price (not incl. mods),Gross sales,Discount amount,Refund amount,Void amount,Net sales,Tax,Waste count,Waste amount
"",SauceBros POS,,,,,,,,394.0,17.12,,6746.27,63.06,0.0,89.95,6683.21,543.35,0.0,0.0
"",SauceBros POS,Pizzas,,,,,,,274.0,22.43,,6147.08,49.18,0.0,81.96,6097.90,495.29,0.0,0.0
menuItem,SauceBros POS,Pizzas,Korean BBQ,,,Pizza,[],false,17.0,23.46,4.06,398.83,5.0,0.0,0.0,393.83,32.53,0.0,0.0
menuItem,SauceBros POS,Pizzas,Naga Habanero Chicken,,,Pizza,[],false,40.0,22.89,2.80,915.54,14.39,0.0,23.99,901.15,74.25,0.0,0.0
menuItem,SauceBros POS,Pizzas,Beef Taco Pizza,,,Pizza,[],false,18.0,23.77,0.00,427.78,8.79,0.0,0.0,418.99,32.59,0.0,0.0
menuItem,SauceBros POS,Pizzas,Meatlovers Pizza,,,Pizza,[],false,25.0,25.67,3.00,641.71,5.4,0.0,0.0,636.31,50.31,0.0,0.0
menuItem,SauceBros POS,Pizzas,Beef Pepperoni,,,Pizza,[],false,25.0,20.14,0.80,503.59,7.2,0.0,0.0,496.39,40.95,0.0,0.0
menuItem,SauceBros POS,Pizzas,Harissa Chicken,,,Pizza,[],false,17.0,21.81,2.47,370.82,0.0,0.0,20.99,370.82,28.7,0.0,0.0
menuItem,SauceBros POS,Pizzas,Bengali Beef Pesto (Contains Nuts),,,Pizza,[],false,6.0,24.99,4.00,149.94,0.0,0.0,0.0,149.94,12.38,0.0,0.0
menuItem,SauceBros POS,Pizzas,Alfredo Chicken,,,Pizza,[],false,8.0,20.61,2.75,164.89,0.0,0.0,0.0,164.89,13.6,0.0,0.0
menuItem,SauceBros POS,Pizzas,Naga Habanero Paneer,,,Pizza,[],false,6.0,20.99,0.00,125.94,0.0,0.0,0.0,125.94,10.4,0.0,0.0
menuItem,SauceBros POS,Pizzas,Naga Habanero Mushroom,,,Pizza,[],false,7.0,18.99,0.00,132.92,0.0,0.0,17.99,132.92,10.95,0.0,0.0
menuItem,SauceBros POS,Pizzas,Garlic Artichoke,,,Pizza,[],false,4.0,20.99,0.00,83.94,0.0,0.0,0.0,83.94,6.93,0.0,0.0
menuItem,SauceBros POS,Pizzas,Garlic Ghee Mushroom,,,Pizza,[],false,7.0,19.41,0.00,135.89,0.0,0.0,0.0,135.89,11.19,0.0,0.0
menuItem,SauceBros POS,Pizzas,Veggie Pizza,,,Pizza,[],false,6.0,20.99,4.16,125.91,4.6,0.0,0.0,121.31,8.35,0.0,0.0
menuItem,SauceBros POS,Pizzas,4Cheez with Hot Honey,,,Pizza,[],false,6.0,18.99,6.49,113.92,0.0,0.0,0.0,113.92,9.38,0.0,0.0
menuItem,SauceBros POS,Pizzas,Classic Cheese Pizza,,,Pizza,[],false,25.0,18.55,1.44,463.68,3.8,0.0,0.0,459.88,37.94,0.0,0.0
menuItem,SauceBros POS,Pizzas,Alfredo Cheese Pizza,,,Pizza,[],false,1.0,18.99,0.00,18.99,0.0,0.0,0.0,18.99,1.57,0.0,0.0
menuItem,SauceBros POS,Pizzas,Margarita,,,Pizza,[],false,5.0,18.99,3.80,94.94,0.0,0.0,18.99,94.94,7.85,0.0,0.0
menuItem,SauceBros POS,Pizzas,Naga Habanero Balachao,,,Pizza,[],false,2.0,17.99,8.50,35.98,0.0,0.0,0.0,35.98,2.97,0.0,0.0
menuItem,SauceBros POS,Pizzas,Customized Pizza,,,Pizza,[],false,2.0,24.96,13.48,49.91,0.0,0.0,0.0,49.91,4.12,0.0,0.0
menuItem,SauceBros POS,Pizzas,Half & Half,,,Pizza,[],false,47.0,25.36,2.66,1191.96,0.0,0.0,0.0,1191.96,98.33,0.0,0.0
"",SauceBros POS,Pasta,,,,,,,17.0,12.10,,205.71,8.49,0.0,0.0,197.22,16.26,0.0,0.0
menuItem,SauceBros POS,Pasta,Alfredo Pasta,,,Pizza,[],false,10.0,12.08,9.99,120.83,3.25,0.0,0.0,117.58,9.69,0.0,0.0
menuItem,SauceBros POS,Pasta,Tomato Basil Pasta,,,Pizza,[],false,5.0,11.78,9.59,58.92,2.0,0.0,0.0,56.92,4.69,0.0,0.0
menuItem,SauceBros POS,Pasta,Naga Habanero Pasta,,,Pizza,[],false,2.0,12.98,9.99,25.96,3.24,0.0,0.0,22.72,1.88,0.0,0.0
"",SauceBros POS,Wraps,,,,,,,28.0,8.10,,226.71,5.39,0.0,7.99,221.32,18.27,0.0,0.0
menuItem,SauceBros POS,Wraps,Beef Chopped Cheese,,,Pizza,[],false,10.0,7.99,7.83,79.9,1.6,0.0,7.99,78.3,6.46,0.0,0.0
menuItem,SauceBros POS,Wraps,Chicken Wrap,,,Pizza,[],false,14.0,7.99,7.88,111.86,1.6,0.0,0.0,110.26,9.1,0.0,0.0
menuItem,SauceBros POS,Wraps,Mushroom Wrap,,,Pizza,,false,1.0,10.98,8.79,10.98,2.19,0,0,8.79,0.73,0.0,0
menuItem,SauceBros POS,Wraps,Paneer Wrap,,,Pizza,[],false,3.0,7.99,7.99,23.97,0.0,0.0,0.0,23.97,1.98,0.0,0.0
"",SauceBros POS,Drinks,,,,,,,64.0,2.40,,153.88,0.0,0.0,0.0,153.88,12.49,0.0,0.0
menuItem,SauceBros POS,Drinks,Soda (Can),,,Pizza,[],false,52.0,2.50,2.50,130.0,0.0,0.0,0.0,130.0,10.53,0.0,0.0
menuItem,SauceBros POS,Drinks,Water (small),,,Pizza,[],false,12.0,1.99,1.99,23.88,0.0,0.0,0.0,23.88,1.96,0.0,0.0
"",SauceBros POS,Side,,,,,,,11.0,1.17,,12.89,0.0,0.0,0.0,12.89,1.04,0.0,0.0
menuItem,SauceBros POS,Side,Hot Honey,,,Pizza,[],false,2.0,1.99,1.99,3.98,0.0,0.0,0.0,3.98,0.32,0.0,0.0
menuItem,SauceBros POS,Side,Ranch,,,Pizza,[],false,6.0,0.99,0.99,5.94,0.0,0.0,0.0,5.94,0.48,0.0,0.0
menuItem,SauceBros POS,Side,Side Garlic Mayo,,,Pizza,[],false,3.0,0.99,0.99,2.97,0.0,0.0,0.0,2.97,0.24,0.0,0.0
"",All Day Menu,,,,,,,,445.0,17.64,,7850.14,0.0,0.0,0.0,7850.14,647.40,0.0,0.0
"",All Day Menu,Pizzas,,,,,,,340.0,21.85,,7429.77,0.0,0.0,0.0,7429.77,612.87,0.0,0.0
menuItem,All Day Menu,Pizzas,Classic Cheese Pizza,,,,[],false,41.0,18.23,2.63,747.53,0.0,0.0,0.0,747.53,61.65,0.0,0.0
menuItem,All Day Menu,Pizzas,Alfredo Cheese Pizza,,,,[],false,3.0,18.32,0.00,54.97,0.0,0.0,0.0,54.97,4.54,0.0,0.0
menuItem,All Day Menu,Pizzas,4Cheez with Hot Honey,,,,[],false,8.0,19.49,2.25,155.9,0.0,0.0,0.0,155.9,12.84,0.0,0.0
menuItem,All Day Menu,Pizzas,Naga Habanero Mushroom,,,,[],false,10.0,18.99,1.80,189.87,0.0,0.0,0.0,189.87,15.63,0.0,0.0
menuItem,All Day Menu,Pizzas,Garlic Ghee Mushroom,,,,[],false,12.0,19.57,1.58,234.82,0.0,0.0,0.0,234.82,19.36,0.0,0.0
menuItem,All Day Menu,Pizzas,Veggie Pizza,,,,[],false,25.0,20.30,1.84,507.6,0.0,0.0,0.0,507.6,41.84,0.0,0.0
menuItem,All Day Menu,Pizzas,Naga Habanero Chicken,,,,[],false,45.0,23.19,2.49,1043.5,0.0,0.0,0.0,1043.5,86.01,0.0,0.0
menuItem,All Day Menu,Pizzas,Alfredo Chicken,,,,[],false,7.0,19.85,2.71,138.93,0.0,0.0,0.0,138.93,11.47,0.0,0.0
menuItem,All Day Menu,Pizzas,Naga Habanero Balachao,,,,[],false,5.0,18.19,0.00,90.95,0.0,0.0,0.0,90.95,7.51,0.0,0.0
menuItem,All Day Menu,Pizzas,Beef Pepperoni,,,,[],false,47.0,20.69,1.74,972.41,0.0,0.0,0.0,972.41,80.25,0.0,0.0
menuItem,All Day Menu,Pizzas,Bengali Beef Pesto (Contains Nuts),,,,[],false,23.0,24.99,0.00,574.76,0.0,0.0,0.0,574.76,47.45,0.0,0.0
menuItem,All Day Menu,Pizzas,Meatlovers Pizza,,,,[],false,42.0,25.94,4.33,1089.51,0.0,0.0,0.0,1089.51,89.95,0.0,0.0
menuItem,All Day Menu,Pizzas,Customized Pizza,,,,[],false,5.0,23.96,10.18,119.8,0.0,0.0,0.0,119.8,9.89,0.0,0.0
menuItem,All Day Menu,Pizzas,Beef Taco Pizza,,,,[],false,21.0,22.75,1.05,477.79,0.0,0.0,0.0,477.79,39.37,0.0,0.0
menuItem,All Day Menu,Pizzas,Harissa Chicken,,,,[],false,20.0,21.69,4.20,433.78,0.0,0.0,0.0,433.78,35.79,0.0,0.0
menuItem,All Day Menu,Pizzas,Naga Habanero Paneer,,,,[],false,13.0,21.99,1.77,285.82,0.0,0.0,0.0,285.82,23.59,0.0,0.0
menuItem,All Day Menu,Pizzas,Garlic Artichoke,,,,[],false,2.0,22.98,0.00,45.95,0.0,0.0,0.0,45.95,3.79,0.0,0.0
menuItem,All Day Menu,Pizzas,Korean BBQ,,,,[],false,11.0,24.17,4.18,265.88,0.0,0.0,0.0,265.88,21.94,0.0,0.0
"",All Day Menu,Pasta,,,,,,,13.0,12.75,,165.75,0.0,0.0,0.0,165.75,13.66,0.0,0.0
menuItem,All Day Menu,Pasta,Alfredo Pasta,,,,[],false,6.0,11.98,9.99,71.9,0.0,0.0,0.0,71.9,5.92,0.0,0.0
menuItem,All Day Menu,Pasta,Tomato Basil Pasta,,,,[],false,4.0,14.48,9.99,57.9,0.0,0.0,0.0,57.9,4.78,0.0,0.0
menuItem,All Day Menu,Pasta,Naga Habanero Pasta,,,,[],false,3.0,11.98,9.99,35.95,0.0,0.0,0.0,35.95,2.96,0.0,0.0
"",All Day Menu,Wraps,,,,,,,17.0,8.17,,138.82,0.0,0.0,0.0,138.82,11.47,0.0,0.0
menuItem,All Day Menu,Wraps,Beef Chopped Cheese,,,,[],false,9.0,7.99,7.99,71.91,0.0,0.0,0.0,71.91,5.94,0.0,0.0
menuItem,All Day Menu,Wraps,Chicken Wrap,,,,[],false,6.0,7.99,7.99,47.94,0.0,0.0,0.0,47.94,3.96,0.0,0.0
menuItem,All Day Menu,Wraps,Paneer Wrap,,,,[],false,2.0,9.49,7.99,18.97,0.0,0.0,0.0,18.97,1.57,0.0,0.0
"",All Day Menu,Drinks,,,,,,,8.0,2.31,,18.47,0.0,0.0,0.0,18.47,1.49,0.0,0.0
menuItem,All Day Menu,Drinks,Soda (Can),,,,[],false,5.0,2.50,2.50,12.5,0.0,0.0,0.0,12.5,1.0,0.0,0.0
menuItem,All Day Menu,Drinks,Water (small),,,,[],false,3.0,1.99,1.99,5.97,0.0,0.0,0.0,5.97,0.49,0.0,0.0
"",All Day Menu,Side,,,,,,,67.0,1.45,,97.33,0.0,0.0,0.0,97.33,7.91,0.0,0.0
menuItem,All Day Menu,Side,Hot Honey,,,,[],false,15.0,1.99,1.99,29.85,0.0,0.0,0.0,29.85,2.41,0.0,0.0
menuItem,All Day Menu,Side,Ranch,,,,[],false,32.0,0.99,0.99,31.68,0.0,0.0,0.0,31.68,2.6,0.0,0.0
menuItem,All Day Menu,Side,Naga Dip,,,,[],false,16.0,1.99,1.99,31.84,0.0,0.0,0.0,31.84,2.58,0.0,0.0
menuItem,All Day Menu,Side,Parmesan Bags 3,,,,[],false,2.0,0.99,0.99,1.98,0.0,0.0,0.0,1.98,0.16,0.0,0.0
menuItem,All Day Menu,Side,Side Olives,,,,[],false,1.0,0.99,0.99,0.99,0.0,0.0,0.0,0.99,0.08,0.0,0.0
menuItem,All Day Menu,Side,Side Jalapeno,,,,[],false,1.0,0.99,0.99,0.99,0.0,0.0,0.0,0.99,0.08,0.0,0.0
"",Doordash Menu,,,,,,,,134.0,19.14,,2564.23,0.0,0.0,0.0,2564.23,211.48,0.0,0.0
"",Doordash Menu,Pizzas,,,,,,,103.0,24.04,,2476.55,0.0,0.0,0.0,2476.55,204.31,0.0,0.0
menuItem,Doordash Menu,Pizzas,Classic Cheese Pizza,,,,[],false,14.0,21.06,2.71,294.82,0.0,0.0,0.0,294.82,24.32,0.0,0.0
menuItem,Doordash Menu,Pizzas,Alfredo Cheese Pizza,,,,[],false,2.0,20.49,0.00,40.98,0.0,0.0,0.0,40.98,3.38,0.0,0.0
menuItem,Doordash Menu,Pizzas,4Cheez with Hot Honey,,,,[],false,2.0,21.49,0.00,42.97,0.0,0.0,0.0,42.97,3.55,0.0,0.0
menuItem,Doordash Menu,Pizzas,Naga Habanero Mushroom,,,,[],false,1.0,23.97,0.00,23.97,0.0,0.0,0.0,23.97,1.98,0.0,0.0
menuItem,Doordash Menu,Pizzas,Garlic Ghee Mushroom,,,,[],false,8.0,20.36,5.00,162.9,0.0,0.0,0.0,162.9,13.45,0.0,0.0
menuItem,Doordash Menu,Pizzas,Veggie Pizza,,,,[],false,5.0,23.38,4.99,116.9,0.0,0.0,0.0,116.9,9.64,0.0,0.0
menuItem,Doordash Menu,Pizzas,Naga Habanero Chicken,,,,[],false,17.0,25.11,1.41,426.8,0.0,0.0,0.0,426.8,35.23,0.0,0.0
menuItem,Doordash Menu,Pizzas,Beef Pepperoni,,,,[],false,21.0,24.46,1.19,513.66,0.0,0.0,0.0,513.66,42.36,0.0,0.0
menuItem,Doordash Menu,Pizzas,Bengali Beef Pesto (Contains Nuts),,,,[],false,10.0,26.29,5.20,262.89,0.0,0.0,0.0,262.89,21.66,0.0,0.0
menuItem,Doordash Menu,Pizzas,Meatlovers Pizza,,,,[],false,7.0,26.28,0.00,183.93,0.0,0.0,0.0,183.93,15.17,0.0,0.0
menuItem,Doordash Menu,Pizzas,Harissa Chicken,,,,[],false,6.0,25.98,0.00,155.86,0.0,0.0,0.0,155.86,12.87,0.0,0.0
menuItem,Doordash Menu,Pizzas,Beef Taco Pizza,,,,[],false,3.0,25.99,0.00,77.96,0.0,0.0,0.0,77.96,6.43,0.0,0.0
menuItem,Doordash Menu,Pizzas,Naga Habanero Paneer,,,,[],false,2.0,23.99,0.00,47.97,0.0,0.0,0.0,47.97,3.96,0.0,0.0
menuItem,Doordash Menu,Pizzas,Korean BBQ,,,,[],false,4.0,25.49,0.00,101.96,0.0,0.0,0.0,101.96,8.41,0.0,0.0
menuItem,Doordash Menu,Pizzas,Garlic Artichoke,,,,[],false,1.0,22.98,0.00,22.98,0.0,0.0,0.0,22.98,1.9,0.0,0.0
"",Doordash Menu,Pasta,,,,,,,3.0,10.99,,32.96,0.0,0.0,0.0,32.96,2.71,0.0,0.0
menuItem,Doordash Menu,Pasta,Alfredo Pasta,,,,[],false,2.0,11.49,11.49,22.97,0.0,0.0,0.0,22.97,1.89,0.0,0.0
menuItem,Doordash Menu,Pasta,Tomato Basil Pasta,,,,[],false,1.0,9.99,9.99,9.99,0.0,0.0,0.0,9.99,0.82,0.0,0.0
"",Doordash Menu,Wraps,,,,,,,1.0,10.99,,10.99,0.0,0.0,0.0,10.99,0.91,0.0,0.0
menuItem,Doordash Menu,Wraps,Chicken Wrap,,,,[],false,1.0,10.99,10.99,10.99,0.0,0.0,0.0,10.99,0.91,0.0,0.0
"",Doordash Menu,Drinks,,,,,,,3.0,2.66,,7.97,0.0,0.0,0.0,7.97,0.66,0.0,0.0
menuItem,Doordash Menu,Drinks,Soda (Can),,,,[],false,2.0,2.99,2.99,5.98,0.0,0.0,0.0,5.98,0.5,0.0,0.0
menuItem,Doordash Menu,Drinks,Water (small),,,,[],false,1.0,1.99,1.99,1.99,0.0,0.0,0.0,1.99,0.16,0.0,0.0
"",Doordash Menu,Side,,,,,,,24.0,1.49,,35.76,0.0,0.0,0.0,35.76,2.89,0.0,0.0
menuItem,Doordash Menu,Side,Hot Honey,,,,[],false,3.0,1.99,1.99,5.97,0.0,0.0,0.0,5.97,0.48,0.0,0.0
menuItem,Doordash Menu,Side,Ranch,,,,[],false,11.0,0.99,0.99,10.89,0.0,0.0,0.0,10.89,0.89,0.0,0.0
menuItem,Doordash Menu,Side,Naga Dip,,,,[],false,7.0,1.99,1.99,13.93,0.0,0.0,0.0,13.93,1.12,0.0,0.0
menuItem,Doordash Menu,Side,Aged Parmesan,,,,[],false,2.0,1.99,1.99,3.98,0.0,0.0,0.0,3.98,0.32,0.0,0.0
menuItem,Doordash Menu,Side,Side Basil,,,,[],false,1.0,0.99,0.99,0.99,0.0,0.0,0.0,0.99,0.08,0.0,0.0
